AREACD,AREANM,Geography,Variable Name,Indicator,Period,Observation,Measure,Unit,Lower Confidence Interval (95%),Upper Confidence Interval (95%),Observation Status,Polarity,Notes
K04000001,England and Wales,Country,Percentage of resident population within a 30 minute walk of their nearest railway station,Residents within a 30 minute walk of their nearest railway station,2024-06,57,Percentage,%,,,,1,
E92000001,England,Nation,Percentage of resident population within a 30 minute walk of their nearest railway station,Residents within a 30 minute walk of their nearest railway station,2024-06,58,Percentage,%,,,,1,
E12000001,North East,Region,Percentage of resident population within a 30 minute walk of their nearest railway station,Residents within a 30 minute walk of their nearest railway station,2024-06,48,Percentage,%,,,,1,
E47000006,Tees Valley,Combined Authority or City Region,Percentage of resident population within a 30 minute walk of their nearest railway station,Residents within a 30 minute walk of their nearest railway station,2024-06,51,Percentage,%,,,,1,
E47000014,North East,Combined Authority or City Region,Percentage of resident population within a 30 minute walk of their nearest railway station,Residents within a 30 minute walk of their nearest railway station,2024-06,47,Percentage,%,,,,1,
E06000047,County Durham,County or Unitary Authority,Percentage of resident population within a 30 minute walk of their nearest railway station,Residents within a 30 minute walk of their nearest railway station,2024-06,25,Percentage,%,,,,1,
E06000005,Darlington,County or Unitary Authority,Percentage of resident population within a 30 minute walk of their nearest railway station,Residents within a 30 minute walk of their nearest railway station,2024-06,65,Percentage,%,,,,1,
E06000001,Hartlepool,County or Unitary Authority,Percentage of resident population within a 30 minute walk of their nearest railway station,Residents within a 30 minute walk of their nearest railway station,2024-06,46,Percentage,%,,,,1,
E06000002,Middlesbrough,County or Unitary Authority,Percentage of resident population within a 30 minute walk of their nearest railway station,Residents within a 30 minute walk of their nearest railway station,2024-06,55,Percentage,%,,,,1,
E06000057,Northumberland,County or Unitary Authority,Percentage of resident population within a 30 minute walk of their nearest railway station,Residents within a 30 minute walk of their nearest railway station,2024-06,26,Percentage,%,,,,1,
E06000003,Redcar and Cleveland,County or Unitary Authority,Percentage of resident population within a 30 minute walk of their nearest railway station,Residents within a 30 minute walk of their nearest railway station,2024-06,45,Percentage,%,,,,1,
E06000004,Stockton-on-Tees,County or Unitary Authority,Percentage of resident population within a 30 minute walk of their nearest railway station,Residents within a 30 minute walk of their nearest railway station,2024-06,46,Percentage,%,,,,1,
E08000037,Gateshead,Local Authority District,Percentage of resident population within a 30 minute walk of their nearest railway station,Residents within a 30 minute walk of their nearest railway station,2024-06,56,Percentage,%,,,,1,
E08000021,Newcastle upon Tyne,Local Authority District,Percentage of resident population within a 30 minute walk of their nearest railway station,Residents within a 30 minute walk of their nearest railway station,2024-06,67,Percentage,%,,,,1,
E08000022,North Tyneside,Local Authority District,Percentage of resident population within a 30 minute walk of their nearest railway station,Residents within a 30 minute walk of their nearest railway station,2024-06,83,Percentage,%,,,,1,
E08000023,South Tyneside,Local Authority District,Percentage of resident population within a 30 minute walk of their nearest railway station,Residents within a 30 minute walk of their nearest railway station,2024-06,85,Percentage,%,,,,1,
E08000024,Sunderland,Local Authority District,Percentage of resident population within a 30 minute walk of their nearest railway station,Residents within a 30 minute walk of their nearest railway station,2024-06,35,Percentage,%,,,,1,
E12000002,North West,Region,Percentage of resident population within a 30 minute walk of their nearest railway station,Residents within a 30 minute walk of their nearest railway station,2024-06,70,Percentage,%,,,,1,
E06000008,Blackburn with Darwen,County or Unitary Authority,Percentage of resident population within a 30 minute walk of their nearest railway station,Residents within a 30 minute walk of their nearest railway station,2024-06,79,Percentage,%,,,,1,
E06000009,Blackpool,County or Unitary Authority,Percentage of resident population within a 30 minute walk of their nearest railway station,Residents within a 30 minute walk of their nearest railway station,2024-06,90,Percentage,%,,,,1,
E06000049,Cheshire East,County or Unitary Authority,Percentage of resident population within a 30 minute walk of their nearest railway station,Residents within a 30 minute walk of their nearest railway station,2024-06,51,Percentage,%,,,,1,
E06000050,Cheshire West and Chester,County or Unitary Authority,Percentage of resident population within a 30 minute walk of their nearest railway station,Residents within a 30 minute walk of their nearest railway station,2024-06,60,Percentage,%,,,,1,
E06000006,Halton,County or Unitary Authority,Percentage of resident population within a 30 minute walk of their nearest railway station,Residents within a 30 minute walk of their nearest railway station,2024-06,75,Percentage,%,,,,1,
E06000007,Warrington,County or Unitary Authority,Percentage of resident population within a 30 minute walk of their nearest railway station,Residents within a 30 minute walk of their nearest railway station,2024-06,57,Percentage,%,,,,1,
E06000063,Cumberland,County or Unitary Authority,Percentage of resident population within a 30 minute walk of their nearest railway station,Residents within a 30 minute walk of their nearest railway station,2024-06,40,Percentage,%,,,,1,
E06000064,Westmorland and Furness,County or Unitary Authority,Percentage of resident population within a 30 minute walk of their nearest railway station,Residents within a 30 minute walk of their nearest railway station,2024-06,60,Percentage,%,,,,1,
E47000001,Greater Manchester,Combined Authority or City Region,Percentage of resident population within a 30 minute walk of their nearest railway station,Residents within a 30 minute walk of their nearest railway station,2024-06,79,Percentage,%,,,,1,
E08000001,Bolton,Local Authority District,Percentage of resident population within a 30 minute walk of their nearest railway station,Residents within a 30 minute walk of their nearest railway station,2024-06,71,Percentage,%,,,,1,
E08000002,Bury,Local Authority District,Percentage of resident population within a 30 minute walk of their nearest railway station,Residents within a 30 minute walk of their nearest railway station,2024-06,66,Percentage,%,,,,1,
E08000003,Manchester,Local Authority District,Percentage of resident population within a 30 minute walk of their nearest railway station,Residents within a 30 minute walk of their nearest railway station,2024-06,92,Percentage,%,,,,1,
E08000004,Oldham,Local Authority District,Percentage of resident population within a 30 minute walk of their nearest railway station,Residents within a 30 minute walk of their nearest railway station,2024-06,78,Percentage,%,,,,1,
E08000005,Rochdale,Local Authority District,Percentage of resident population within a 30 minute walk of their nearest railway station,Residents within a 30 minute walk of their nearest railway station,2024-06,60,Percentage,%,,,,1,
E08000006,Salford,Local Authority District,Percentage of resident population within a 30 minute walk of their nearest railway station,Residents within a 30 minute walk of their nearest railway station,2024-06,84,Percentage,%,,,,1,
E08000007,Stockport,Local Authority District,Percentage of resident population within a 30 minute walk of their nearest railway station,Residents within a 30 minute walk of their nearest railway station,2024-06,95,Percentage,%,,,,1,
E08000008,Tameside,Local Authority District,Percentage of resident population within a 30 minute walk of their nearest railway station,Residents within a 30 minute walk of their nearest railway station,2024-06,93,Percentage,%,,,,1,
E08000009,Trafford,Local Authority District,Percentage of resident population within a 30 minute walk of their nearest railway station,Residents within a 30 minute walk of their nearest railway station,2024-06,92,Percentage,%,,,,1,
E08000010,Wigan,Local Authority District,Percentage of resident population within a 30 minute walk of their nearest railway station,Residents within a 30 minute walk of their nearest railway station,2024-06,48,Percentage,%,,,,1,
E07000117,Burnley,Local Authority District,Percentage of resident population within a 30 minute walk of their nearest railway station,Residents within a 30 minute walk of their nearest railway station,2024-06,79,Percentage,%,,,,1,
E07000118,Chorley,Local Authority District,Percentage of resident population within a 30 minute walk of their nearest railway station,Residents within a 30 minute walk of their nearest railway station,2024-06,63,Percentage,%,,,,1,
E07000119,Fylde,Local Authority District,Percentage of resident population within a 30 minute walk of their nearest railway station,Residents within a 30 minute walk of their nearest railway station,2024-06,69,Percentage,%,,,,1,
E07000120,Hyndburn,Local Authority District,Percentage of resident population within a 30 minute walk of their nearest railway station,Residents within a 30 minute walk of their nearest railway station,2024-06,70,Percentage,%,,,,1,
E07000121,Lancaster,Local Authority District,Percentage of resident population within a 30 minute walk of their nearest railway station,Residents within a 30 minute walk of their nearest railway station,2024-06,63,Percentage,%,,,,1,
E07000122,Pendle,Local Authority District,Percentage of resident population within a 30 minute walk of their nearest railway station,Residents within a 30 minute walk of their nearest railway station,2024-06,68,Percentage,%,,,,1,
E07000123,Preston,Local Authority District,Percentage of resident population within a 30 minute walk of their nearest railway station,Residents within a 30 minute walk of their nearest railway station,2024-06,29,Percentage,%,,,,1,
E07000124,Ribble Valley,Local Authority District,Percentage of resident population within a 30 minute walk of their nearest railway station,Residents within a 30 minute walk of their nearest railway station,2024-06,51,Percentage,%,,,,1,
E07000125,Rossendale,Local Authority District,Percentage of resident population within a 30 minute walk of their nearest railway station,Residents within a 30 minute walk of their nearest railway station,2024-06,0,Percentage,%,,,,1,
E07000126,South Ribble,Local Authority District,Percentage of resident population within a 30 minute walk of their nearest railway station,Residents within a 30 minute walk of their nearest railway station,2024-06,57,Percentage,%,,,,1,
E07000127,West Lancashire,Local Authority District,Percentage of resident population within a 30 minute walk of their nearest railway station,Residents within a 30 minute walk of their nearest railway station,2024-06,50,Percentage,%,,,,1,
E07000128,Wyre,Local Authority District,Percentage of resident population within a 30 minute walk of their nearest railway station,Residents within a 30 minute walk of their nearest railway station,2024-06,58,Percentage,%,,,,1,
E47000004,Liverpool City Region,Combined Authority or City Region,Percentage of resident population within a 30 minute walk of their nearest railway station,Residents within a 30 minute walk of their nearest railway station,2024-06,78,Percentage,%,,,,1,
E08000011,Knowsley,Local Authority District,Percentage of resident population within a 30 minute walk of their nearest railway station,Residents within a 30 minute walk of their nearest railway station,2024-06,80,Percentage,%,,,,1,
E08000012,Liverpool,Local Authority District,Percentage of resident population within a 30 minute walk of their nearest railway station,Residents within a 30 minute walk of their nearest railway station,2024-06,71,Percentage,%,,,,1,
E08000014,Sefton,Local Authority District,Percentage of resident population within a 30 minute walk of their nearest railway station,Residents within a 30 minute walk of their nearest railway station,2024-06,88,Percentage,%,,,,1,
E08000013,St. Helens,Local Authority District,Percentage of resident population within a 30 minute walk of their nearest railway station,Residents within a 30 minute walk of their nearest railway station,2024-06,71,Percentage,%,,,,1,
E08000015,Wirral,Local Authority District,Percentage of resident population within a 30 minute walk of their nearest railway station,Residents within a 30 minute walk of their nearest railway station,2024-06,83,Percentage,%,,,,1,
E12000003,Yorkshire and The Humber,Region,Percentage of resident population within a 30 minute walk of their nearest railway station,Residents within a 30 minute walk of their nearest railway station,2024-06,47,Percentage,%,,,,1,
E06000011,East Riding of Yorkshire,County or Unitary Authority,Percentage of resident population within a 30 minute walk of their nearest railway station,Residents within a 30 minute walk of their nearest railway station,2024-06,45,Percentage,%,,,,1,
E06000010,"Kingston upon Hull, City of",County or Unitary Authority,Percentage of resident population within a 30 minute walk of their nearest railway station,Residents within a 30 minute walk of their nearest railway station,2024-06,23,Percentage,%,,,,1,
E06000012,North East Lincolnshire,County or Unitary Authority,Percentage of resident population within a 30 minute walk of their nearest railway station,Residents within a 30 minute walk of their nearest railway station,2024-06,57,Percentage,%,,,,1,
E06000013,North Lincolnshire,County or Unitary Authority,Percentage of resident population within a 30 minute walk of their nearest railway station,Residents within a 30 minute walk of their nearest railway station,2024-06,37,Percentage,%,,,,1,
E47000012,York and North Yorkshire,Combined Authority or City Region,Percentage of resident population within a 30 minute walk of their nearest railway station,Residents within a 30 minute walk of their nearest railway station,2024-06,40,Percentage,%,,,,1,
E06000014,York,County or Unitary Authority,Percentage of resident population within a 30 minute walk of their nearest railway station,Residents within a 30 minute walk of their nearest railway station,2024-06,34,Percentage,%,,,,1,
E06000065,North Yorkshire,County or Unitary Authority,Percentage of resident population within a 30 minute walk of their nearest railway station,Residents within a 30 minute walk of their nearest railway station,2024-06,42,Percentage,%,,,,1,
E47000002,South Yorkshire,Combined Authority or City Region,Percentage of resident population within a 30 minute walk of their nearest railway station,Residents within a 30 minute walk of their nearest railway station,2024-06,50,Percentage,%,,,,1,
E08000016,Barnsley,Local Authority District,Percentage of resident population within a 30 minute walk of their nearest railway station,Residents within a 30 minute walk of their nearest railway station,2024-06,51,Percentage,%,,,,1,
E08000017,Doncaster,Local Authority District,Percentage of resident population within a 30 minute walk of their nearest railway station,Residents within a 30 minute walk of their nearest railway station,2024-06,47,Percentage,%,,,,1,
E08000018,Rotherham,Local Authority District,Percentage of resident population within a 30 minute walk of their nearest railway station,Residents within a 30 minute walk of their nearest railway station,2024-06,24,Percentage,%,,,,1,
E08000019,Sheffield,Local Authority District,Percentage of resident population within a 30 minute walk of their nearest railway station,Residents within a 30 minute walk of their nearest railway station,2024-06,63,Percentage,%,,,,1,
E47000003,West Yorkshire,Combined Authority or City Region,Percentage of resident population within a 30 minute walk of their nearest railway station,Residents within a 30 minute walk of their nearest railway station,2024-06,50,Percentage,%,,,,1,
E08000032,Bradford ,Local Authority District,Percentage of resident population within a 30 minute walk of their nearest railway station,Residents within a 30 minute walk of their nearest railway station,2024-06,54,Percentage,%,,,,1,
E08000033,Calderdale,Local Authority District,Percentage of resident population within a 30 minute walk of their nearest railway station,Residents within a 30 minute walk of their nearest railway station,2024-06,48,Percentage,%,,,,1,
E08000034,Kirklees ,Local Authority District,Percentage of resident population within a 30 minute walk of their nearest railway station,Residents within a 30 minute walk of their nearest railway station,2024-06,48,Percentage,%,,,,1,
E08000035,Leeds,Local Authority District,Percentage of resident population within a 30 minute walk of their nearest railway station,Residents within a 30 minute walk of their nearest railway station,2024-06,46,Percentage,%,,,,1,
E08000036,Wakefield,Local Authority District,Percentage of resident population within a 30 minute walk of their nearest railway station,Residents within a 30 minute walk of their nearest railway station,2024-06,60,Percentage,%,,,,1,
E12000004,East Midlands,Region,Percentage of resident population within a 30 minute walk of their nearest railway station,Residents within a 30 minute walk of their nearest railway station,2024-06,36,Percentage,%,,,,1,
E47000013,East Midlands,Combined Authority or City Region,Percentage of resident population within a 30 minute walk of their nearest railway station,Residents within a 30 minute walk of their nearest railway station,2024-06,45,Percentage,%,,,,1,
E06000015,Derby,County or Unitary Authority,Percentage of resident population within a 30 minute walk of their nearest railway station,Residents within a 30 minute walk of their nearest railway station,2024-06,37,Percentage,%,,,,1,
E06000016,Leicester,County or Unitary Authority,Percentage of resident population within a 30 minute walk of their nearest railway station,Residents within a 30 minute walk of their nearest railway station,2024-06,31,Percentage,%,,,,1,
E06000061,North Northamptonshire,County or Unitary Authority,Percentage of resident population within a 30 minute walk of their nearest railway station,Residents within a 30 minute walk of their nearest railway station,2024-06,22,Percentage,%,,,,1,
E06000018,Nottingham,County or Unitary Authority,Percentage of resident population within a 30 minute walk of their nearest railway station,Residents within a 30 minute walk of their nearest railway station,2024-06,80,Percentage,%,,,,1,
E06000017,Rutland,County or Unitary Authority,Percentage of resident population within a 30 minute walk of their nearest railway station,Residents within a 30 minute walk of their nearest railway station,2024-06,33,Percentage,%,,,,1,
E06000062,West Northamptonshire,County or Unitary Authority,Percentage of resident population within a 30 minute walk of their nearest railway station,Residents within a 30 minute walk of their nearest railway station,2024-06,15,Percentage,%,,,,1,
E07000032,Amber Valley,Local Authority District,Percentage of resident population within a 30 minute walk of their nearest railway station,Residents within a 30 minute walk of their nearest railway station,2024-06,41,Percentage,%,,,,1,
E07000033,Bolsover,Local Authority District,Percentage of resident population within a 30 minute walk of their nearest railway station,Residents within a 30 minute walk of their nearest railway station,2024-06,36,Percentage,%,,,,1,
E07000034,Chesterfield,Local Authority District,Percentage of resident population within a 30 minute walk of their nearest railway station,Residents within a 30 minute walk of their nearest railway station,2024-06,26,Percentage,%,,,,1,
E07000035,Derbyshire Dales,Local Authority District,Percentage of resident population within a 30 minute walk of their nearest railway station,Residents within a 30 minute walk of their nearest railway station,2024-06,23,Percentage,%,,,,1,
E07000036,Erewash,Local Authority District,Percentage of resident population within a 30 minute walk of their nearest railway station,Residents within a 30 minute walk of their nearest railway station,2024-06,41,Percentage,%,,,,1,
E07000037,High Peak,Local Authority District,Percentage of resident population within a 30 minute walk of their nearest railway station,Residents within a 30 minute walk of their nearest railway station,2024-06,86,Percentage,%,,,,1,
E07000038,North East Derbyshire,Local Authority District,Percentage of resident population within a 30 minute walk of their nearest railway station,Residents within a 30 minute walk of their nearest railway station,2024-06,23,Percentage,%,,,,1,
E07000039,South Derbyshire,Local Authority District,Percentage of resident population within a 30 minute walk of their nearest railway station,Residents within a 30 minute walk of their nearest railway station,2024-06,6,Percentage,%,,,,1,
E07000129,Blaby,Local Authority District,Percentage of resident population within a 30 minute walk of their nearest railway station,Residents within a 30 minute walk of their nearest railway station,2024-06,14,Percentage,%,,,,1,
E07000130,Charnwood,Local Authority District,Percentage of resident population within a 30 minute walk of their nearest railway station,Residents within a 30 minute walk of their nearest railway station,2024-06,33,Percentage,%,,,,1,
E07000131,Harborough,Local Authority District,Percentage of resident population within a 30 minute walk of their nearest railway station,Residents within a 30 minute walk of their nearest railway station,2024-06,24,Percentage,%,,,,1,
E07000132,Hinckley and Bosworth,Local Authority District,Percentage of resident population within a 30 minute walk of their nearest railway station,Residents within a 30 minute walk of their nearest railway station,2024-06,34,Percentage,%,,,,1,
E07000133,Melton,Local Authority District,Percentage of resident population within a 30 minute walk of their nearest railway station,Residents within a 30 minute walk of their nearest railway station,2024-06,53,Percentage,%,,,,1,
E07000134,North West Leicestershire,Local Authority District,Percentage of resident population within a 30 minute walk of their nearest railway station,Residents within a 30 minute walk of their nearest railway station,2024-06,0,Percentage,%,,,,1,
E07000135,Oadby and Wigston,Local Authority District,Percentage of resident population within a 30 minute walk of their nearest railway station,Residents within a 30 minute walk of their nearest railway station,2024-06,25,Percentage,%,,,,1,
E07000136,Boston,Local Authority District,Percentage of resident population within a 30 minute walk of their nearest railway station,Residents within a 30 minute walk of their nearest railway station,2024-06,48,Percentage,%,,,,1,
E07000137,East Lindsey,Local Authority District,Percentage of resident population within a 30 minute walk of their nearest railway station,Residents within a 30 minute walk of their nearest railway station,2024-06,16,Percentage,%,,,,1,
E07000138,Lincoln,Local Authority District,Percentage of resident population within a 30 minute walk of their nearest railway station,Residents within a 30 minute walk of their nearest railway station,2024-06,45,Percentage,%,,,,1,
E07000139,North Kesteven,Local Authority District,Percentage of resident population within a 30 minute walk of their nearest railway station,Residents within a 30 minute walk of their nearest railway station,2024-06,43,Percentage,%,,,,1,
E07000140,South Holland,Local Authority District,Percentage of resident population within a 30 minute walk of their nearest railway station,Residents within a 30 minute walk of their nearest railway station,2024-06,32,Percentage,%,,,,1,
E07000141,South Kesteven,Local Authority District,Percentage of resident population within a 30 minute walk of their nearest railway station,Residents within a 30 minute walk of their nearest railway station,2024-06,31,Percentage,%,,,,1,
E07000142,West Lindsey,Local Authority District,Percentage of resident population within a 30 minute walk of their nearest railway station,Residents within a 30 minute walk of their nearest railway station,2024-06,33,Percentage,%,,,,1,
E07000170,Ashfield,Local Authority District,Percentage of resident population within a 30 minute walk of their nearest railway station,Residents within a 30 minute walk of their nearest railway station,2024-06,51,Percentage,%,,,,1,
E07000171,Bassetlaw,Local Authority District,Percentage of resident population within a 30 minute walk of their nearest railway station,Residents within a 30 minute walk of their nearest railway station,2024-06,46,Percentage,%,,,,1,
E07000172,Broxtowe,Local Authority District,Percentage of resident population within a 30 minute walk of their nearest railway station,Residents within a 30 minute walk of their nearest railway station,2024-06,62,Percentage,%,,,,1,
E07000173,Gedling,Local Authority District,Percentage of resident population within a 30 minute walk of their nearest railway station,Residents within a 30 minute walk of their nearest railway station,2024-06,36,Percentage,%,,,,1,
E07000174,Mansfield,Local Authority District,Percentage of resident population within a 30 minute walk of their nearest railway station,Residents within a 30 minute walk of their nearest railway station,2024-06,53,Percentage,%,,,,1,
E07000175,Newark and Sherwood,Local Authority District,Percentage of resident population within a 30 minute walk of their nearest railway station,Residents within a 30 minute walk of their nearest railway station,2024-06,27,Percentage,%,,,,1,
E07000176,Rushcliffe,Local Authority District,Percentage of resident population within a 30 minute walk of their nearest railway station,Residents within a 30 minute walk of their nearest railway station,2024-06,37,Percentage,%,,,,1,
E12000005,West Midlands,Region,Percentage of resident population within a 30 minute walk of their nearest railway station,Residents within a 30 minute walk of their nearest railway station,2024-06,48,Percentage,%,,,,1,
E06000019,"Herefordshire, County of",County or Unitary Authority,Percentage of resident population within a 30 minute walk of their nearest railway station,Residents within a 30 minute walk of their nearest railway station,2024-06,27,Percentage,%,,,,1,
E06000051,Shropshire,County or Unitary Authority,Percentage of resident population within a 30 minute walk of their nearest railway station,Residents within a 30 minute walk of their nearest railway station,2024-06,29,Percentage,%,,,,1,
E06000021,Stoke-on-Trent,County or Unitary Authority,Percentage of resident population within a 30 minute walk of their nearest railway station,Residents within a 30 minute walk of their nearest railway station,2024-06,34,Percentage,%,,,,1,
E06000020,Telford and Wrekin,County or Unitary Authority,Percentage of resident population within a 30 minute walk of their nearest railway station,Residents within a 30 minute walk of their nearest railway station,2024-06,30,Percentage,%,,,,1,
E07000192,Cannock Chase,Local Authority District,Percentage of resident population within a 30 minute walk of their nearest railway station,Residents within a 30 minute walk of their nearest railway station,2024-06,74,Percentage,%,,,,1,
E07000193,East Staffordshire,Local Authority District,Percentage of resident population within a 30 minute walk of their nearest railway station,Residents within a 30 minute walk of their nearest railway station,2024-06,36,Percentage,%,,,,1,
E07000194,Lichfield,Local Authority District,Percentage of resident population within a 30 minute walk of their nearest railway station,Residents within a 30 minute walk of their nearest railway station,2024-06,37,Percentage,%,,,,1,
E07000195,Newcastle-under-Lyme,Local Authority District,Percentage of resident population within a 30 minute walk of their nearest railway station,Residents within a 30 minute walk of their nearest railway station,2024-06,28,Percentage,%,,,,1,
E07000196,South Staffordshire,Local Authority District,Percentage of resident population within a 30 minute walk of their nearest railway station,Residents within a 30 minute walk of their nearest railway station,2024-06,37,Percentage,%,,,,1,
E07000197,Stafford,Local Authority District,Percentage of resident population within a 30 minute walk of their nearest railway station,Residents within a 30 minute walk of their nearest railway station,2024-06,34,Percentage,%,,,,1,
E07000198,Staffordshire Moorlands,Local Authority District,Percentage of resident population within a 30 minute walk of their nearest railway station,Residents within a 30 minute walk of their nearest railway station,2024-06,7,Percentage,%,,,,1,
E07000199,Tamworth,Local Authority District,Percentage of resident population within a 30 minute walk of their nearest railway station,Residents within a 30 minute walk of their nearest railway station,2024-06,61,Percentage,%,,,,1,
E07000218,North Warwickshire,Local Authority District,Percentage of resident population within a 30 minute walk of their nearest railway station,Residents within a 30 minute walk of their nearest railway station,2024-06,31,Percentage,%,,,,1,
E07000219,Nuneaton and Bedworth,Local Authority District,Percentage of resident population within a 30 minute walk of their nearest railway station,Residents within a 30 minute walk of their nearest railway station,2024-06,49,Percentage,%,,,,1,
E07000220,Rugby,Local Authority District,Percentage of resident population within a 30 minute walk of their nearest railway station,Residents within a 30 minute walk of their nearest railway station,2024-06,27,Percentage,%,,,,1,
E07000221,Stratford-on-Avon,Local Authority District,Percentage of resident population within a 30 minute walk of their nearest railway station,Residents within a 30 minute walk of their nearest railway station,2024-06,24,Percentage,%,,,,1,
E07000222,Warwick,Local Authority District,Percentage of resident population within a 30 minute walk of their nearest railway station,Residents within a 30 minute walk of their nearest railway station,2024-06,65,Percentage,%,,,,1,
E47000007,West Midlands,Combined Authority or City Region,Percentage of resident population within a 30 minute walk of their nearest railway station,Residents within a 30 minute walk of their nearest railway station,2024-06,61,Percentage,%,,,,1,
E08000025,Birmingham,Local Authority District,Percentage of resident population within a 30 minute walk of their nearest railway station,Residents within a 30 minute walk of their nearest railway station,2024-06,74,Percentage,%,,,,1,
E08000026,Coventry,Local Authority District,Percentage of resident population within a 30 minute walk of their nearest railway station,Residents within a 30 minute walk of their nearest railway station,2024-06,40,Percentage,%,,,,1,
E08000027,Dudley,Local Authority District,Percentage of resident population within a 30 minute walk of their nearest railway station,Residents within a 30 minute walk of their nearest railway station,2024-06,40,Percentage,%,,,,1,
E08000028,Sandwell,Local Authority District,Percentage of resident population within a 30 minute walk of their nearest railway station,Residents within a 30 minute walk of their nearest railway station,2024-06,84,Percentage,%,,,,1,
E08000029,Solihull,Local Authority District,Percentage of resident population within a 30 minute walk of their nearest railway station,Residents within a 30 minute walk of their nearest railway station,2024-06,66,Percentage,%,,,,1,
E08000030,Walsall,Local Authority District,Percentage of resident population within a 30 minute walk of their nearest railway station,Residents within a 30 minute walk of their nearest railway station,2024-06,41,Percentage,%,,,,1,
E08000031,Wolverhampton,Local Authority District,Percentage of resident population within a 30 minute walk of their nearest railway station,Residents within a 30 minute walk of their nearest railway station,2024-06,40,Percentage,%,,,,1,
E07000234,Bromsgrove,Local Authority District,Percentage of resident population within a 30 minute walk of their nearest railway station,Residents within a 30 minute walk of their nearest railway station,2024-06,45,Percentage,%,,,,1,
E07000235,Malvern Hills,Local Authority District,Percentage of resident population within a 30 minute walk of their nearest railway station,Residents within a 30 minute walk of their nearest railway station,2024-06,39,Percentage,%,,,,1,
E07000236,Redditch,Local Authority District,Percentage of resident population within a 30 minute walk of their nearest railway station,Residents within a 30 minute walk of their nearest railway station,2024-06,36,Percentage,%,,,,1,
E07000237,Worcester,Local Authority District,Percentage of resident population within a 30 minute walk of their nearest railway station,Residents within a 30 minute walk of their nearest railway station,2024-06,55,Percentage,%,,,,1,
E07000238,Wychavon,Local Authority District,Percentage of resident population within a 30 minute walk of their nearest railway station,Residents within a 30 minute walk of their nearest railway station,2024-06,33,Percentage,%,,,,1,
E07000239,Wyre Forest,Local Authority District,Percentage of resident population within a 30 minute walk of their nearest railway station,Residents within a 30 minute walk of their nearest railway station,2024-06,32,Percentage,%,,,,1,
E12000006,East of England,Region,Percentage of resident population within a 30 minute walk of their nearest railway station,Residents within a 30 minute walk of their nearest railway station,2024-06,45,Percentage,%,,,,1,
E06000055,Bedford,County or Unitary Authority,Percentage of resident population within a 30 minute walk of their nearest railway station,Residents within a 30 minute walk of their nearest railway station,2024-06,35,Percentage,%,,,,1,
E06000056,Central Bedfordshire,County or Unitary Authority,Percentage of resident population within a 30 minute walk of their nearest railway station,Residents within a 30 minute walk of their nearest railway station,2024-06,29,Percentage,%,,,,1,
E06000032,Luton,County or Unitary Authority,Percentage of resident population within a 30 minute walk of their nearest railway station,Residents within a 30 minute walk of their nearest railway station,2024-06,71,Percentage,%,,,,1,
E06000031,Peterborough,County or Unitary Authority,Percentage of resident population within a 30 minute walk of their nearest railway station,Residents within a 30 minute walk of their nearest railway station,2024-06,25,Percentage,%,,,,1,
E06000033,Southend-on-Sea,County or Unitary Authority,Percentage of resident population within a 30 minute walk of their nearest railway station,Residents within a 30 minute walk of their nearest railway station,2024-06,84,Percentage,%,,,,1,
E06000034,Thurrock,County or Unitary Authority,Percentage of resident population within a 30 minute walk of their nearest railway station,Residents within a 30 minute walk of their nearest railway station,2024-06,68,Percentage,%,,,,1,
E47000008,Cambridgeshire and Peterborough,Combined Authority or City Region,Percentage of resident population within a 30 minute walk of their nearest railway station,Residents within a 30 minute walk of their nearest railway station,2024-06,32,Percentage,%,,,,1,
E07000008,Cambridge,Local Authority District,Percentage of resident population within a 30 minute walk of their nearest railway station,Residents within a 30 minute walk of their nearest railway station,2024-06,61,Percentage,%,,,,1,
E07000009,East Cambridgeshire,Local Authority District,Percentage of resident population within a 30 minute walk of their nearest railway station,Residents within a 30 minute walk of their nearest railway station,2024-06,46,Percentage,%,,,,1,
E07000010,Fenland,Local Authority District,Percentage of resident population within a 30 minute walk of their nearest railway station,Residents within a 30 minute walk of their nearest railway station,2024-06,35,Percentage,%,,,,1,
E07000011,Huntingdonshire,Local Authority District,Percentage of resident population within a 30 minute walk of their nearest railway station,Residents within a 30 minute walk of their nearest railway station,2024-06,20,Percentage,%,,,,1,
E07000012,South Cambridgeshire,Local Authority District,Percentage of resident population within a 30 minute walk of their nearest railway station,Residents within a 30 minute walk of their nearest railway station,2024-06,17,Percentage,%,,,,1,
E07000066,Basildon,Local Authority District,Percentage of resident population within a 30 minute walk of their nearest railway station,Residents within a 30 minute walk of their nearest railway station,2024-06,78,Percentage,%,,,,1,
E07000067,Braintree,Local Authority District,Percentage of resident population within a 30 minute walk of their nearest railway station,Residents within a 30 minute walk of their nearest railway station,2024-06,48,Percentage,%,,,,1,
E07000068,Brentwood,Local Authority District,Percentage of resident population within a 30 minute walk of their nearest railway station,Residents within a 30 minute walk of their nearest railway station,2024-06,61,Percentage,%,,,,1,
E07000069,Castle Point,Local Authority District,Percentage of resident population within a 30 minute walk of their nearest railway station,Residents within a 30 minute walk of their nearest railway station,2024-06,23,Percentage,%,,,,1,
E07000070,Chelmsford,Local Authority District,Percentage of resident population within a 30 minute walk of their nearest railway station,Residents within a 30 minute walk of their nearest railway station,2024-06,40,Percentage,%,,,,1,
E07000071,Colchester,Local Authority District,Percentage of resident population within a 30 minute walk of their nearest railway station,Residents within a 30 minute walk of their nearest railway station,2024-06,47,Percentage,%,,,,1,
E07000072,Epping Forest,Local Authority District,Percentage of resident population within a 30 minute walk of their nearest railway station,Residents within a 30 minute walk of their nearest railway station,2024-06,61,Percentage,%,,,,1,
E07000073,Harlow,Local Authority District,Percentage of resident population within a 30 minute walk of their nearest railway station,Residents within a 30 minute walk of their nearest railway station,2024-06,37,Percentage,%,,,,1,
E07000074,Maldon,Local Authority District,Percentage of resident population within a 30 minute walk of their nearest railway station,Residents within a 30 minute walk of their nearest railway station,2024-06,23,Percentage,%,,,,1,
E07000075,Rochford,Local Authority District,Percentage of resident population within a 30 minute walk of their nearest railway station,Residents within a 30 minute walk of their nearest railway station,2024-06,68,Percentage,%,,,,1,
E07000076,Tendring,Local Authority District,Percentage of resident population within a 30 minute walk of their nearest railway station,Residents within a 30 minute walk of their nearest railway station,2024-06,60,Percentage,%,,,,1,
E07000077,Uttlesford,Local Authority District,Percentage of resident population within a 30 minute walk of their nearest railway station,Residents within a 30 minute walk of their nearest railway station,2024-06,21,Percentage,%,,,,1,
E07000095,Broxbourne,Local Authority District,Percentage of resident population within a 30 minute walk of their nearest railway station,Residents within a 30 minute walk of their nearest railway station,2024-06,75,Percentage,%,,,,1,
E07000096,Dacorum,Local Authority District,Percentage of resident population within a 30 minute walk of their nearest railway station,Residents within a 30 minute walk of their nearest railway station,2024-06,44,Percentage,%,,,,1,
E07000242,East Hertfordshire,Local Authority District,Percentage of resident population within a 30 minute walk of their nearest railway station,Residents within a 30 minute walk of their nearest railway station,2024-06,66,Percentage,%,,,,1,
E07000098,Hertsmere,Local Authority District,Percentage of resident population within a 30 minute walk of their nearest railway station,Residents within a 30 minute walk of their nearest railway station,2024-06,75,Percentage,%,,,,1,
E07000099,North Hertfordshire,Local Authority District,Percentage of resident population within a 30 minute walk of their nearest railway station,Residents within a 30 minute walk of their nearest railway station,2024-06,70,Percentage,%,,,,1,
E07000240,St Albans,Local Authority District,Percentage of resident population within a 30 minute walk of their nearest railway station,Residents within a 30 minute walk of their nearest railway station,2024-06,64,Percentage,%,,,,1,
E07000243,Stevenage,Local Authority District,Percentage of resident population within a 30 minute walk of their nearest railway station,Residents within a 30 minute walk of their nearest railway station,2024-06,33,Percentage,%,,,,1,
E07000102,Three Rivers,Local Authority District,Percentage of resident population within a 30 minute walk of their nearest railway station,Residents within a 30 minute walk of their nearest railway station,2024-06,84,Percentage,%,,,,1,
E07000103,Watford,Local Authority District,Percentage of resident population within a 30 minute walk of their nearest railway station,Residents within a 30 minute walk of their nearest railway station,2024-06,93,Percentage,%,,,,1,
E07000241,Welwyn Hatfield,Local Authority District,Percentage of resident population within a 30 minute walk of their nearest railway station,Residents within a 30 minute walk of their nearest railway station,2024-06,60,Percentage,%,,,,1,
E07000143,Breckland,Local Authority District,Percentage of resident population within a 30 minute walk of their nearest railway station,Residents within a 30 minute walk of their nearest railway station,2024-06,28,Percentage,%,,,,1,
E07000144,Broadland,Local Authority District,Percentage of resident population within a 30 minute walk of their nearest railway station,Residents within a 30 minute walk of their nearest railway station,2024-06,15,Percentage,%,,,,1,
E07000145,Great Yarmouth,Local Authority District,Percentage of resident population within a 30 minute walk of their nearest railway station,Residents within a 30 minute walk of their nearest railway station,2024-06,27,Percentage,%,,,,1,
E07000146,King's Lynn and West Norfolk,Local Authority District,Percentage of resident population within a 30 minute walk of their nearest railway station,Residents within a 30 minute walk of their nearest railway station,2024-06,25,Percentage,%,,,,1,
E07000147,North Norfolk,Local Authority District,Percentage of resident population within a 30 minute walk of their nearest railway station,Residents within a 30 minute walk of their nearest railway station,2024-06,34,Percentage,%,,,,1,
E07000148,Norwich,Local Authority District,Percentage of resident population within a 30 minute walk of their nearest railway station,Residents within a 30 minute walk of their nearest railway station,2024-06,34,Percentage,%,,,,1,
E07000149,South Norfolk,Local Authority District,Percentage of resident population within a 30 minute walk of their nearest railway station,Residents within a 30 minute walk of their nearest railway station,2024-06,17,Percentage,%,,,,1,
E07000200,Babergh,Local Authority District,Percentage of resident population within a 30 minute walk of their nearest railway station,Residents within a 30 minute walk of their nearest railway station,2024-06,24,Percentage,%,,,,1,
E07000244,East Suffolk,Local Authority District,Percentage of resident population within a 30 minute walk of their nearest railway station,Residents within a 30 minute walk of their nearest railway station,2024-06,49,Percentage,%,,,,1,
E07000202,Ipswich,Local Authority District,Percentage of resident population within a 30 minute walk of their nearest railway station,Residents within a 30 minute walk of their nearest railway station,2024-06,70,Percentage,%,,,,1,
E07000203,Mid Suffolk,Local Authority District,Percentage of resident population within a 30 minute walk of their nearest railway station,Residents within a 30 minute walk of their nearest railway station,2024-06,35,Percentage,%,,,,1,
E07000245,West Suffolk,Local Authority District,Percentage of resident population within a 30 minute walk of their nearest railway station,Residents within a 30 minute walk of their nearest railway station,2024-06,24,Percentage,%,,,,1,
E12000007,London,Region,Percentage of resident population within a 30 minute walk of their nearest railway station,Residents within a 30 minute walk of their nearest railway station,2024-06,96,Percentage,%,,,,1,
E09000007,Camden,Local Authority District,Percentage of resident population within a 30 minute walk of their nearest railway station,Residents within a 30 minute walk of their nearest railway station,2024-06,99,Percentage,%,,,,1,
E09000001,City of London,Local Authority District,Percentage of resident population within a 30 minute walk of their nearest railway station,Residents within a 30 minute walk of their nearest railway station,2024-06,100,Percentage,%,,,,1,
E09000012,Hackney,Local Authority District,Percentage of resident population within a 30 minute walk of their nearest railway station,Residents within a 30 minute walk of their nearest railway station,2024-06,99,Percentage,%,,,,1,
E09000013,Hammersmith and Fulham,Local Authority District,Percentage of resident population within a 30 minute walk of their nearest railway station,Residents within a 30 minute walk of their nearest railway station,2024-06,99,Percentage,%,,,,1,
E09000014,Haringey,Local Authority District,Percentage of resident population within a 30 minute walk of their nearest railway station,Residents within a 30 minute walk of their nearest railway station,2024-06,99,Percentage,%,,,,1,
E09000019,Islington,Local Authority District,Percentage of resident population within a 30 minute walk of their nearest railway station,Residents within a 30 minute walk of their nearest railway station,2024-06,100,Percentage,%,,,,1,
E09000020,Kensington and Chelsea,Local Authority District,Percentage of resident population within a 30 minute walk of their nearest railway station,Residents within a 30 minute walk of their nearest railway station,2024-06,99,Percentage,%,,,,1,
E09000022,Lambeth,Local Authority District,Percentage of resident population within a 30 minute walk of their nearest railway station,Residents within a 30 minute walk of their nearest railway station,2024-06,100,Percentage,%,,,,1,
E09000023,Lewisham,Local Authority District,Percentage of resident population within a 30 minute walk of their nearest railway station,Residents within a 30 minute walk of their nearest railway station,2024-06,100,Percentage,%,,,,1,
E09000025,Newham,Local Authority District,Percentage of resident population within a 30 minute walk of their nearest railway station,Residents within a 30 minute walk of their nearest railway station,2024-06,99,Percentage,%,,,,1,
E09000028,Southwark,Local Authority District,Percentage of resident population within a 30 minute walk of their nearest railway station,Residents within a 30 minute walk of their nearest railway station,2024-06,99,Percentage,%,,,,1,
E09000030,Tower Hamlets,Local Authority District,Percentage of resident population within a 30 minute walk of their nearest railway station,Residents within a 30 minute walk of their nearest railway station,2024-06,99,Percentage,%,,,,1,
E09000032,Wandsworth,Local Authority District,Percentage of resident population within a 30 minute walk of their nearest railway station,Residents within a 30 minute walk of their nearest railway station,2024-06,98,Percentage,%,,,,1,
E09000033,Westminster,Local Authority District,Percentage of resident population within a 30 minute walk of their nearest railway station,Residents within a 30 minute walk of their nearest railway station,2024-06,100,Percentage,%,,,,1,
E09000002,Barking and Dagenham,Local Authority District,Percentage of resident population within a 30 minute walk of their nearest railway station,Residents within a 30 minute walk of their nearest railway station,2024-06,97,Percentage,%,,,,1,
E09000003,Barnet,Local Authority District,Percentage of resident population within a 30 minute walk of their nearest railway station,Residents within a 30 minute walk of their nearest railway station,2024-06,97,Percentage,%,,,,1,
E09000004,Bexley,Local Authority District,Percentage of resident population within a 30 minute walk of their nearest railway station,Residents within a 30 minute walk of their nearest railway station,2024-06,96,Percentage,%,,,,1,
E09000005,Brent ,Local Authority District,Percentage of resident population within a 30 minute walk of their nearest railway station,Residents within a 30 minute walk of their nearest railway station,2024-06,99,Percentage,%,,,,1,
E09000006,Bromley,Local Authority District,Percentage of resident population within a 30 minute walk of their nearest railway station,Residents within a 30 minute walk of their nearest railway station,2024-06,90,Percentage,%,,,,1,
E09000008,Croydon,Local Authority District,Percentage of resident population within a 30 minute walk of their nearest railway station,Residents within a 30 minute walk of their nearest railway station,2024-06,97,Percentage,%,,,,1,
E09000009,Ealing,Local Authority District,Percentage of resident population within a 30 minute walk of their nearest railway station,Residents within a 30 minute walk of their nearest railway station,2024-06,94,Percentage,%,,,,1,
E09000010,Enfield,Local Authority District,Percentage of resident population within a 30 minute walk of their nearest railway station,Residents within a 30 minute walk of their nearest railway station,2024-06,100,Percentage,%,,,,1,
E09000011,Greenwich,Local Authority District,Percentage of resident population within a 30 minute walk of their nearest railway station,Residents within a 30 minute walk of their nearest railway station,2024-06,97,Percentage,%,,,,1,
E09000015,Harrow,Local Authority District,Percentage of resident population within a 30 minute walk of their nearest railway station,Residents within a 30 minute walk of their nearest railway station,2024-06,99,Percentage,%,,,,1,
E09000016,Havering,Local Authority District,Percentage of resident population within a 30 minute walk of their nearest railway station,Residents within a 30 minute walk of their nearest railway station,2024-06,80,Percentage,%,,,,1,
E09000017,Hillingdon,Local Authority District,Percentage of resident population within a 30 minute walk of their nearest railway station,Residents within a 30 minute walk of their nearest railway station,2024-06,74,Percentage,%,,,,1,
E09000018,Hounslow,Local Authority District,Percentage of resident population within a 30 minute walk of their nearest railway station,Residents within a 30 minute walk of their nearest railway station,2024-06,97,Percentage,%,,,,1,
E09000021,Kingston upon Thames,Local Authority District,Percentage of resident population within a 30 minute walk of their nearest railway station,Residents within a 30 minute walk of their nearest railway station,2024-06,97,Percentage,%,,,,1,
E09000024,Merton,Local Authority District,Percentage of resident population within a 30 minute walk of their nearest railway station,Residents within a 30 minute walk of their nearest railway station,2024-06,100,Percentage,%,,,,1,
E09000026,Redbridge,Local Authority District,Percentage of resident population within a 30 minute walk of their nearest railway station,Residents within a 30 minute walk of their nearest railway station,2024-06,98,Percentage,%,,,,1,
E09000027,Richmond upon Thames,Local Authority District,Percentage of resident population within a 30 minute walk of their nearest railway station,Residents within a 30 minute walk of their nearest railway station,2024-06,97,Percentage,%,,,,1,
E09000029,Sutton,Local Authority District,Percentage of resident population within a 30 minute walk of their nearest railway station,Residents within a 30 minute walk of their nearest railway station,2024-06,99,Percentage,%,,,,1,
E09000031,Waltham Forest,Local Authority District,Percentage of resident population within a 30 minute walk of their nearest railway station,Residents within a 30 minute walk of their nearest railway station,2024-06,97,Percentage,%,,,,1,
E12000008,South East,Region,Percentage of resident population within a 30 minute walk of their nearest railway station,Residents within a 30 minute walk of their nearest railway station,2024-06,58,Percentage,%,,,,1,
E06000036,Bracknell Forest,County or Unitary Authority,Percentage of resident population within a 30 minute walk of their nearest railway station,Residents within a 30 minute walk of their nearest railway station,2024-06,56,Percentage,%,,,,1,
E06000043,Brighton and Hove,County or Unitary Authority,Percentage of resident population within a 30 minute walk of their nearest railway station,Residents within a 30 minute walk of their nearest railway station,2024-06,81,Percentage,%,,,,1,
E06000060,Buckinghamshire,County or Unitary Authority,Percentage of resident population within a 30 minute walk of their nearest railway station,Residents within a 30 minute walk of their nearest railway station,2024-06,48,Percentage,%,,,,1,
E06000046,Isle of Wight,County or Unitary Authority,Percentage of resident population within a 30 minute walk of their nearest railway station,Residents within a 30 minute walk of their nearest railway station,2024-06,33,Percentage,%,,,,1,
E06000035,Medway,County or Unitary Authority,Percentage of resident population within a 30 minute walk of their nearest railway station,Residents within a 30 minute walk of their nearest railway station,2024-06,56,Percentage,%,,,,1,
E06000042,Milton Keynes,County or Unitary Authority,Percentage of resident population within a 30 minute walk of their nearest railway station,Residents within a 30 minute walk of their nearest railway station,2024-06,32,Percentage,%,,,,1,
E06000044,Portsmouth,County or Unitary Authority,Percentage of resident population within a 30 minute walk of their nearest railway station,Residents within a 30 minute walk of their nearest railway station,2024-06,90,Percentage,%,,,,1,
E06000038,Reading,County or Unitary Authority,Percentage of resident population within a 30 minute walk of their nearest railway station,Residents within a 30 minute walk of their nearest railway station,2024-06,69,Percentage,%,,,,1,
E06000039,Slough,County or Unitary Authority,Percentage of resident population within a 30 minute walk of their nearest railway station,Residents within a 30 minute walk of their nearest railway station,2024-06,81,Percentage,%,,,,1,
E06000045,Southampton,County or Unitary Authority,Percentage of resident population within a 30 minute walk of their nearest railway station,Residents within a 30 minute walk of their nearest railway station,2024-06,79,Percentage,%,,,,1,
E06000037,West Berkshire,County or Unitary Authority,Percentage of resident population within a 30 minute walk of their nearest railway station,Residents within a 30 minute walk of their nearest railway station,2024-06,53,Percentage,%,,,,1,
E06000040,Windsor and Maidenhead,County or Unitary Authority,Percentage of resident population within a 30 minute walk of their nearest railway station,Residents within a 30 minute walk of their nearest railway station,2024-06,70,Percentage,%,,,,1,
E06000041,Wokingham,County or Unitary Authority,Percentage of resident population within a 30 minute walk of their nearest railway station,Residents within a 30 minute walk of their nearest railway station,2024-06,54,Percentage,%,,,,1,
E07000061,Eastbourne,Local Authority District,Percentage of resident population within a 30 minute walk of their nearest railway station,Residents within a 30 minute walk of their nearest railway station,2024-06,73,Percentage,%,,,,1,
E07000062,Hastings,Local Authority District,Percentage of resident population within a 30 minute walk of their nearest railway station,Residents within a 30 minute walk of their nearest railway station,2024-06,76,Percentage,%,,,,1,
E07000063,Lewes,Local Authority District,Percentage of resident population within a 30 minute walk of their nearest railway station,Residents within a 30 minute walk of their nearest railway station,2024-06,56,Percentage,%,,,,1,
E07000064,Rother,Local Authority District,Percentage of resident population within a 30 minute walk of their nearest railway station,Residents within a 30 minute walk of their nearest railway station,2024-06,58,Percentage,%,,,,1,
E07000065,Wealden,Local Authority District,Percentage of resident population within a 30 minute walk of their nearest railway station,Residents within a 30 minute walk of their nearest railway station,2024-06,35,Percentage,%,,,,1,
E07000084,Basingstoke and Deane,Local Authority District,Percentage of resident population within a 30 minute walk of their nearest railway station,Residents within a 30 minute walk of their nearest railway station,2024-06,28,Percentage,%,,,,1,
E07000085,East Hampshire,Local Authority District,Percentage of resident population within a 30 minute walk of their nearest railway station,Residents within a 30 minute walk of their nearest railway station,2024-06,45,Percentage,%,,,,1,
E07000086,Eastleigh,Local Authority District,Percentage of resident population within a 30 minute walk of their nearest railway station,Residents within a 30 minute walk of their nearest railway station,2024-06,62,Percentage,%,,,,1,
E07000087,Fareham,Local Authority District,Percentage of resident population within a 30 minute walk of their nearest railway station,Residents within a 30 minute walk of their nearest railway station,2024-06,63,Percentage,%,,,,1,
E07000088,Gosport,Local Authority District,Percentage of resident population within a 30 minute walk of their nearest railway station,Residents within a 30 minute walk of their nearest railway station,2024-06,0,Percentage,%,,,,1,
E07000089,Hart,Local Authority District,Percentage of resident population within a 30 minute walk of their nearest railway station,Residents within a 30 minute walk of their nearest railway station,2024-06,44,Percentage,%,,,,1,
E07000090,Havant,Local Authority District,Percentage of resident population within a 30 minute walk of their nearest railway station,Residents within a 30 minute walk of their nearest railway station,2024-06,40,Percentage,%,,,,1,
E07000091,New Forest,Local Authority District,Percentage of resident population within a 30 minute walk of their nearest railway station,Residents within a 30 minute walk of their nearest railway station,2024-06,37,Percentage,%,,,,1,
E07000092,Rushmoor,Local Authority District,Percentage of resident population within a 30 minute walk of their nearest railway station,Residents within a 30 minute walk of their nearest railway station,2024-06,85,Percentage,%,,,,1,
E07000093,Test Valley,Local Authority District,Percentage of resident population within a 30 minute walk of their nearest railway station,Residents within a 30 minute walk of their nearest railway station,2024-06,47,Percentage,%,,,,1,
E07000094,Winchester,Local Authority District,Percentage of resident population within a 30 minute walk of their nearest railway station,Residents within a 30 minute walk of their nearest railway station,2024-06,32,Percentage,%,,,,1,
E07000105,Ashford,Local Authority District,Percentage of resident population within a 30 minute walk of their nearest railway station,Residents within a 30 minute walk of their nearest railway station,2024-06,37,Percentage,%,,,,1,
E07000106,Canterbury,Local Authority District,Percentage of resident population within a 30 minute walk of their nearest railway station,Residents within a 30 minute walk of their nearest railway station,2024-06,77,Percentage,%,,,,1,
E07000107,Dartford,Local Authority District,Percentage of resident population within a 30 minute walk of their nearest railway station,Residents within a 30 minute walk of their nearest railway station,2024-06,77,Percentage,%,,,,1,
E07000108,Dover,Local Authority District,Percentage of resident population within a 30 minute walk of their nearest railway station,Residents within a 30 minute walk of their nearest railway station,2024-06,73,Percentage,%,,,,1,
E07000112,Folkestone and Hythe,Local Authority District,Percentage of resident population within a 30 minute walk of their nearest railway station,Residents within a 30 minute walk of their nearest railway station,2024-06,47,Percentage,%,,,,1,
E07000109,Gravesham,Local Authority District,Percentage of resident population within a 30 minute walk of their nearest railway station,Residents within a 30 minute walk of their nearest railway station,2024-06,58,Percentage,%,,,,1,
E07000110,Maidstone,Local Authority District,Percentage of resident population within a 30 minute walk of their nearest railway station,Residents within a 30 minute walk of their nearest railway station,2024-06,65,Percentage,%,,,,1,
E07000111,Sevenoaks,Local Authority District,Percentage of resident population within a 30 minute walk of their nearest railway station,Residents within a 30 minute walk of their nearest railway station,2024-06,69,Percentage,%,,,,1,
E07000113,Swale,Local Authority District,Percentage of resident population within a 30 minute walk of their nearest railway station,Residents within a 30 minute walk of their nearest railway station,2024-06,72,Percentage,%,,,,1,
E07000114,Thanet,Local Authority District,Percentage of resident population within a 30 minute walk of their nearest railway station,Residents within a 30 minute walk of their nearest railway station,2024-06,84,Percentage,%,,,,1,
E07000115,Tonbridge and Malling,Local Authority District,Percentage of resident population within a 30 minute walk of their nearest railway station,Residents within a 30 minute walk of their nearest railway station,2024-06,57,Percentage,%,,,,1,
E07000116,Tunbridge Wells,Local Authority District,Percentage of resident population within a 30 minute walk of their nearest railway station,Residents within a 30 minute walk of their nearest railway station,2024-06,59,Percentage,%,,,,1,
E07000177,Cherwell,Local Authority District,Percentage of resident population within a 30 minute walk of their nearest railway station,Residents within a 30 minute walk of their nearest railway station,2024-06,46,Percentage,%,,,,1,
E07000178,Oxford,Local Authority District,Percentage of resident population within a 30 minute walk of their nearest railway station,Residents within a 30 minute walk of their nearest railway station,2024-06,26,Percentage,%,,,,1,
E07000179,South Oxfordshire,Local Authority District,Percentage of resident population within a 30 minute walk of their nearest railway station,Residents within a 30 minute walk of their nearest railway station,2024-06,37,Percentage,%,,,,1,
E07000180,Vale of White Horse,Local Authority District,Percentage of resident population within a 30 minute walk of their nearest railway station,Residents within a 30 minute walk of their nearest railway station,2024-06,8,Percentage,%,,,,1,
E07000181,West Oxfordshire,Local Authority District,Percentage of resident population within a 30 minute walk of their nearest railway station,Residents within a 30 minute walk of their nearest railway station,2024-06,11,Percentage,%,,,,1,
E07000207,Elmbridge,Local Authority District,Percentage of resident population within a 30 minute walk of their nearest railway station,Residents within a 30 minute walk of their nearest railway station,2024-06,86,Percentage,%,,,,1,
E07000208,Epsom and Ewell,Local Authority District,Percentage of resident population within a 30 minute walk of their nearest railway station,Residents within a 30 minute walk of their nearest railway station,2024-06,96,Percentage,%,,,,1,
E07000209,Guildford,Local Authority District,Percentage of resident population within a 30 minute walk of their nearest railway station,Residents within a 30 minute walk of their nearest railway station,2024-06,54,Percentage,%,,,,1,
E07000210,Mole Valley,Local Authority District,Percentage of resident population within a 30 minute walk of their nearest railway station,Residents within a 30 minute walk of their nearest railway station,2024-06,66,Percentage,%,,,,1,
E07000211,Reigate and Banstead,Local Authority District,Percentage of resident population within a 30 minute walk of their nearest railway station,Residents within a 30 minute walk of their nearest railway station,2024-06,88,Percentage,%,,,,1,
E07000212,Runnymede,Local Authority District,Percentage of resident population within a 30 minute walk of their nearest railway station,Residents within a 30 minute walk of their nearest railway station,2024-06,79,Percentage,%,,,,1,
E07000213,Spelthorne,Local Authority District,Percentage of resident population within a 30 minute walk of their nearest railway station,Residents within a 30 minute walk of their nearest railway station,2024-06,89,Percentage,%,,,,1,
E07000214,Surrey Heath,Local Authority District,Percentage of resident population within a 30 minute walk of their nearest railway station,Residents within a 30 minute walk of their nearest railway station,2024-06,53,Percentage,%,,,,1,
E07000215,Tandridge,Local Authority District,Percentage of resident population within a 30 minute walk of their nearest railway station,Residents within a 30 minute walk of their nearest railway station,2024-06,70,Percentage,%,,,,1,
E07000216,Waverley,Local Authority District,Percentage of resident population within a 30 minute walk of their nearest railway station,Residents within a 30 minute walk of their nearest railway station,2024-06,51,Percentage,%,,,,1,
E07000217,Woking,Local Authority District,Percentage of resident population within a 30 minute walk of their nearest railway station,Residents within a 30 minute walk of their nearest railway station,2024-06,69,Percentage,%,,,,1,
E07000223,Adur,Local Authority District,Percentage of resident population within a 30 minute walk of their nearest railway station,Residents within a 30 minute walk of their nearest railway station,2024-06,97,Percentage,%,,,,1,
E07000224,Arun,Local Authority District,Percentage of resident population within a 30 minute walk of their nearest railway station,Residents within a 30 minute walk of their nearest railway station,2024-06,66,Percentage,%,,,,1,
E07000225,Chichester,Local Authority District,Percentage of resident population within a 30 minute walk of their nearest railway station,Residents within a 30 minute walk of their nearest railway station,2024-06,39,Percentage,%,,,,1,
E07000226,Crawley,Local Authority District,Percentage of resident population within a 30 minute walk of their nearest railway station,Residents within a 30 minute walk of their nearest railway station,2024-06,86,Percentage,%,,,,1,
E07000227,Horsham,Local Authority District,Percentage of resident population within a 30 minute walk of their nearest railway station,Residents within a 30 minute walk of their nearest railway station,2024-06,45,Percentage,%,,,,1,
E07000228,Mid Sussex,Local Authority District,Percentage of resident population within a 30 minute walk of their nearest railway station,Residents within a 30 minute walk of their nearest railway station,2024-06,60,Percentage,%,,,,1,
E07000229,Worthing,Local Authority District,Percentage of resident population within a 30 minute walk of their nearest railway station,Residents within a 30 minute walk of their nearest railway station,2024-06,89,Percentage,%,,,,1,
E12000009,South West,Region,Percentage of resident population within a 30 minute walk of their nearest railway station,Residents within a 30 minute walk of their nearest railway station,2024-06,38,Percentage,%,,,,1,
E47000009,West of England,Combined Authority or City Region,Percentage of resident population within a 30 minute walk of their nearest railway station,Residents within a 30 minute walk of their nearest railway station,2024-06,47,Percentage,%,,,,1,
E06000022,Bath and North East Somerset,County or Unitary Authority,Percentage of resident population within a 30 minute walk of their nearest railway station,Residents within a 30 minute walk of their nearest railway station,2024-06,43,Percentage,%,,,,1,
E06000058,"Bournemouth, Christchurch and Poole",County or Unitary Authority,Percentage of resident population within a 30 minute walk of their nearest railway station,Residents within a 30 minute walk of their nearest railway station,2024-06,59,Percentage,%,,,,1,
E06000023,"Bristol, City of",County or Unitary Authority,Percentage of resident population within a 30 minute walk of their nearest railway station,Residents within a 30 minute walk of their nearest railway station,2024-06,60,Percentage,%,,,,1,
E06000052,Cornwall,County or Unitary Authority,Percentage of resident population within a 30 minute walk of their nearest railway station,Residents within a 30 minute walk of their nearest railway station,2024-06,40,Percentage,%,,,,1,
E06000059,Dorset,County or Unitary Authority,Percentage of resident population within a 30 minute walk of their nearest railway station,Residents within a 30 minute walk of their nearest railway station,2024-06,27,Percentage,%,,,,1,
E06000053,Isles of Scilly,County or Unitary Authority,Percentage of resident population within a 30 minute walk of their nearest railway station,Residents within a 30 minute walk of their nearest railway station,2024-06,0,Percentage,%,,,,1,
E06000024,North Somerset,County or Unitary Authority,Percentage of resident population within a 30 minute walk of their nearest railway station,Residents within a 30 minute walk of their nearest railway station,2024-06,47,Percentage,%,,,,1,
E06000026,Plymouth,County or Unitary Authority,Percentage of resident population within a 30 minute walk of their nearest railway station,Residents within a 30 minute walk of their nearest railway station,2024-06,42,Percentage,%,,,,1,
E06000066,Somerset ,County or Unitary Authority,Percentage of resident population within a 30 minute walk of their nearest railway station,Residents within a 30 minute walk of their nearest railway station,2024-06,26,Percentage,%,,,,1,
E06000025,South Gloucestershire,County or Unitary Authority,Percentage of resident population within a 30 minute walk of their nearest railway station,Residents within a 30 minute walk of their nearest railway station,2024-06,30,Percentage,%,,,,1,
E06000030,Swindon,County or Unitary Authority,Percentage of resident population within a 30 minute walk of their nearest railway station,Residents within a 30 minute walk of their nearest railway station,2024-06,26,Percentage,%,,,,1,
E06000027,Torbay,County or Unitary Authority,Percentage of resident population within a 30 minute walk of their nearest railway station,Residents within a 30 minute walk of their nearest railway station,2024-06,57,Percentage,%,,,,1,
E06000054,Wiltshire,County or Unitary Authority,Percentage of resident population within a 30 minute walk of their nearest railway station,Residents within a 30 minute walk of their nearest railway station,2024-06,33,Percentage,%,,,,1,
E07000040,East Devon,Local Authority District,Percentage of resident population within a 30 minute walk of their nearest railway station,Residents within a 30 minute walk of their nearest railway station,2024-06,42,Percentage,%,,,,1,
E07000041,Exeter,Local Authority District,Percentage of resident population within a 30 minute walk of their nearest railway station,Residents within a 30 minute walk of their nearest railway station,2024-06,91,Percentage,%,,,,1,
E07000042,Mid Devon,Local Authority District,Percentage of resident population within a 30 minute walk of their nearest railway station,Residents within a 30 minute walk of their nearest railway station,2024-06,15,Percentage,%,,,,1,
E07000043,North Devon,Local Authority District,Percentage of resident population within a 30 minute walk of their nearest railway station,Residents within a 30 minute walk of their nearest railway station,2024-06,23,Percentage,%,,,,1,
E07000044,South Hams,Local Authority District,Percentage of resident population within a 30 minute walk of their nearest railway station,Residents within a 30 minute walk of their nearest railway station,2024-06,18,Percentage,%,,,,1,
E07000045,Teignbridge,Local Authority District,Percentage of resident population within a 30 minute walk of their nearest railway station,Residents within a 30 minute walk of their nearest railway station,2024-06,41,Percentage,%,,,,1,
E07000046,Torridge,Local Authority District,Percentage of resident population within a 30 minute walk of their nearest railway station,Residents within a 30 minute walk of their nearest railway station,2024-06,0,Percentage,%,,,,1,
E07000047,West Devon,Local Authority District,Percentage of resident population within a 30 minute walk of their nearest railway station,Residents within a 30 minute walk of their nearest railway station,2024-06,16,Percentage,%,,,,1,
E07000078,Cheltenham,Local Authority District,Percentage of resident population within a 30 minute walk of their nearest railway station,Residents within a 30 minute walk of their nearest railway station,2024-06,47,Percentage,%,,,,1,
E07000079,Cotswold,Local Authority District,Percentage of resident population within a 30 minute walk of their nearest railway station,Residents within a 30 minute walk of their nearest railway station,2024-06,7,Percentage,%,,,,1,
E07000080,Forest of Dean,Local Authority District,Percentage of resident population within a 30 minute walk of their nearest railway station,Residents within a 30 minute walk of their nearest railway station,2024-06,12,Percentage,%,,,,1,
E07000081,Gloucester,Local Authority District,Percentage of resident population within a 30 minute walk of their nearest railway station,Residents within a 30 minute walk of their nearest railway station,2024-06,34,Percentage,%,,,,1,
E07000082,Stroud,Local Authority District,Percentage of resident population within a 30 minute walk of their nearest railway station,Residents within a 30 minute walk of their nearest railway station,2024-06,26,Percentage,%,,,,1,
E07000083,Tewkesbury,Local Authority District,Percentage of resident population within a 30 minute walk of their nearest railway station,Residents within a 30 minute walk of their nearest railway station,2024-06,6,Percentage,%,,,,1,
W92000004,Wales,Nation,Percentage of resident population within a 30 minute walk of their nearest railway station,Residents within a 30 minute walk of their nearest railway station,2024-06,50,Percentage,%,,,,1,
W06000001,Isle of Anglesey,Local Authority District,Percentage of resident population within a 30 minute walk of their nearest railway station,Residents within a 30 minute walk of their nearest railway station,2024-06,31,Percentage,%,,,,1,
W06000002,Gwynedd,Local Authority District,Percentage of resident population within a 30 minute walk of their nearest railway station,Residents within a 30 minute walk of their nearest railway station,2024-06,35,Percentage,%,,,,1,
W06000003,Conwy,Local Authority District,Percentage of resident population within a 30 minute walk of their nearest railway station,Residents within a 30 minute walk of their nearest railway station,2024-06,63,Percentage,%,,,,1,
W06000004,Denbighshire,Local Authority District,Percentage of resident population within a 30 minute walk of their nearest railway station,Residents within a 30 minute walk of their nearest railway station,2024-06,42,Percentage,%,,,,1,
W06000005,Flintshire,Local Authority District,Percentage of resident population within a 30 minute walk of their nearest railway station,Residents within a 30 minute walk of their nearest railway station,2024-06,37,Percentage,%,,,,1,
W06000006,Wrexham,Local Authority District,Percentage of resident population within a 30 minute walk of their nearest railway station,Residents within a 30 minute walk of their nearest railway station,2024-06,43,Percentage,%,,,,1,
W06000023,Powys,Local Authority District,Percentage of resident population within a 30 minute walk of their nearest railway station,Residents within a 30 minute walk of their nearest railway station,2024-06,23,Percentage,%,,,,1,
W06000008,Ceredigion,Local Authority District,Percentage of resident population within a 30 minute walk of their nearest railway station,Residents within a 30 minute walk of their nearest railway station,2024-06,24,Percentage,%,,,,1,
W06000009,Pembrokeshire,Local Authority District,Percentage of resident population within a 30 minute walk of their nearest railway station,Residents within a 30 minute walk of their nearest railway station,2024-06,52,Percentage,%,,,,1,
W06000010,Carmarthenshire,Local Authority District,Percentage of resident population within a 30 minute walk of their nearest railway station,Residents within a 30 minute walk of their nearest railway station,2024-06,50,Percentage,%,,,,1,
W06000011,Swansea,Local Authority District,Percentage of resident population within a 30 minute walk of their nearest railway station,Residents within a 30 minute walk of their nearest railway station,2024-06,31,Percentage,%,,,,1,
W06000012,Neath Port Talbot,Local Authority District,Percentage of resident population within a 30 minute walk of their nearest railway station,Residents within a 30 minute walk of their nearest railway station,2024-06,53,Percentage,%,,,,1,
W06000013,Bridgend,Local Authority District,Percentage of resident population within a 30 minute walk of their nearest railway station,Residents within a 30 minute walk of their nearest railway station,2024-06,63,Percentage,%,,,,1,
W06000014,Vale of Glamorgan,Local Authority District,Percentage of resident population within a 30 minute walk of their nearest railway station,Residents within a 30 minute walk of their nearest railway station,2024-06,73,Percentage,%,,,,1,
W06000015,Cardiff,Local Authority District,Percentage of resident population within a 30 minute walk of their nearest railway station,Residents within a 30 minute walk of their nearest railway station,2024-06,70,Percentage,%,,,,1,
W06000016,Rhondda Cynon Taf,Local Authority District,Percentage of resident population within a 30 minute walk of their nearest railway station,Residents within a 30 minute walk of their nearest railway station,2024-06,60,Percentage,%,,,,1,
W06000024,Merthyr Tydfil,Local Authority District,Percentage of resident population within a 30 minute walk of their nearest railway station,Residents within a 30 minute walk of their nearest railway station,2024-06,58,Percentage,%,,,,1,
W06000018,Caerphilly,Local Authority District,Percentage of resident population within a 30 minute walk of their nearest railway station,Residents within a 30 minute walk of their nearest railway station,2024-06,69,Percentage,%,,,,1,
W06000019,Blaenau Gwent,Local Authority District,Percentage of resident population within a 30 minute walk of their nearest railway station,Residents within a 30 minute walk of their nearest railway station,2024-06,26,Percentage,%,,,,1,
W06000020,Torfaen,Local Authority District,Percentage of resident population within a 30 minute walk of their nearest railway station,Residents within a 30 minute walk of their nearest railway station,2024-06,39,Percentage,%,,,,1,
W06000021,Monmouthshire,Local Authority District,Percentage of resident population within a 30 minute walk of their nearest railway station,Residents within a 30 minute walk of their nearest railway station,2024-06,31,Percentage,%,,,,1,
W06000022,Newport,Local Authority District,Percentage of resident population within a 30 minute walk of their nearest railway station,Residents within a 30 minute walk of their nearest railway station,2024-06,45,Percentage,%,,,,1,
